Threads,AverageTime
1,0.294057
2,0.165808
4,0.084245
8,0.037628
16,0.044957
